{
    "TrackerType": 1,
    "ImageSize": [
        4096,
        4096
    ],
    "Point2f": {
        "rows": 1,
        "cols": 77,
        "dt": "2f",
        "data": [
            1489.06677,
            1276.17041,
            1469.8667,
            1449.58716,
            1476.26672,
            1618.55737,
            1495.4668,
            1818.65393,
            1629.8667,
            2027.64343,
            1860.26672,
            2174.38062,
            2013.86682,
            2214.40015,
            2188.80005,
            2205.50684,
            2406.40015,
            2098.78882,
            2540.80005,
            1840.88684,
            2560.00024,
            1667.46985,
            2566.40015,
            1485.15979,
            2547.2002,
            1285.06348,
            2286.93335,
            787.045837,
            2060.80005,
            738.133362,
            1830.40015,
            782.599243,
            1868.80005,
            1092.26672,
            1779.20007,
            1100.80005,
            1702.40015,
            1181.8667,
            1783.4668,
            1160.53345,
            1864.53345,
            1152,
            1949.86682,
            1147.7334,
            2141.8667,
            1139.20007,
            2244.26685,
            1100.80005,
            2359.4668,
            1117.8667,
            2453.3335,
            1198.93335,
            2350.93335,
            1169.06677,
            2248.53345,
            1152,
            2278.40015,
            1186.13342,
            1830.40015,
            1181.8667,
            1911.4668,
            1254.40002,
            1868.80005,
            1220.26672,
            1826.13342,
            1203.20007,
            1787.7334,
            1220.26672,
            1753.6001,
            1258.66675,
            1792.00012,
            1275.7334,
            1826.13342,
            1280.00012,
            1868.80005,
            1275.7334,
            1817.6001,
            1245.8667,
            2274.13354,
            1245.8667,
            2193.06689,
            1258.66675,
            2235.7334,
            1224.53345,
            2278.40015,
            1207.46667,
            2325.3335,
            1224.53345,
            2368.00024,
            1262.93335,
            2325.3335,
            1284.26672,
            2278.40015,
            1292.80005,
            2235.7334,
            1280.00012,
            2107.7334,
            1433.6001,
            2039.4668,
            1425.06677,
            1966.93347,
            1412.26672,
            1954.13342,
            1548.80005,
            2001.06677,
            1489.06677,
            2082.13354,
            1548.80005,
            2167.4668,
            1518.93347,
            2124.80005,
            1595.7334,
            2013.86682,
            1595.7334,
            1937.06677,
            1587.20007,
            1911.4668,
            1514.66675,
            1894.40015,
            1800.53345,
            1920.00012,
            1728.00012,
            1975.4668,
            1702.40015,
            2013.86682,
            1710.93347,
            2060.80005,
            1706.66675,
            2129.06689,
            1740.80005,
            2197.3335,
            1821.86682,
            2099.2002,
            1762.13342,
            2018.13342,
            1749.33337,
            1949.86682,
            1753.6001,
            1949.86682,
            1809.06677,
            2018.13342,
            1826.13342,
            2099.2002,
            1821.86682,
            2158.93335,
            1868.80005,
            2094.93335,
            1885.86682,
            2013.86682,
            1885.86682,
            1954.13342,
            1873.06677,
            1915.7334,
            1847.4668
        ]
    },
    "Point3f": {
        "rows": 1,
        "cols": 77,
        "dt": "3f",
        "data": [
            -42.7047768,
            16.1999168,
            388.924713,
            -44.1741714,
            39.1490135,
            388.522278,
            -42.8635712,
            61.2833214,
            386.156189,
            -39.3052063,
            87.4357681,
            383.065674,
            -30.0634594,
            113.32856,
            365.362366,
            -8.33430386,
            129.757172,
            336.598267,
            13.8703136,
            133.948944,
            328.499847,
            40.1484337,
            132.715103,
            332.545258,
            65.2861786,
            120.117012,
            353.655884,
            79.9280472,
            86.8528061,
            365.865662,
            82.04953,
            64.142067,
            368.974426,
            84.4778595,
            39.994133,
            369.315491,
            81.8544922,
            13.6238804,
            370.204315,
            48.3422165,
            -52.8707771,
            362.445282,
            18.6121979,
            -60.6457024,
            361.630432,
            -11.0686646,
            -52.3802109,
            365.518555,
            -12.5800896,
            -13.1024761,
            340.446869,
            -25.0573444,
            -11.060895,
            348.144104,
            -32.2256546,
            0.723448277,
            358.288635,
            -23.3713226,
            -3.10443282,
            348.955414,
            -11.3259535,
            -4.80678034,
            344.868591,
            0.975785017,
            -6.12114668,
            338.903778,
            31.7880116,
            -8.22041035,
            333.829041,
            48.6373444,
            -13.3908749,
            335.881439,
            65.7624359,
            -10.6377201,
            344.278412,
            75.5111389,
            1.07655656,
            356.659515,
            64.0355072,
            -3.81483817,
            344.444855,
            48.3100204,
            -6.22688198,
            340.003296,
            51.894886,
            -1.35192573,
            344.500732,
            -15.3681564,
            -0.452699304,
            348.493347,
            -1.16253722,
            9.22083092,
            351.764893,
            -8.5009203,
            4.61849117,
            349.565155,
            -15.6940145,
            2.42594385,
            349.021301,
            -20.9034119,
            4.98740196,
            351.376587,
            -23.9211121,
            10.5400648,
            355.929352,
            -18.8515415,
            12.4608507,
            353.14325,
            -14.0847301,
            12.7907619,
            351.433533,
            -7.70556974,
            12.0627174,
            350.791534,
            -15.8548222,
            8.27089691,
            351.117035,
            50.8102646,
            6.67751694,
            345.614197,
            37.9391441,
            8.91232491,
            349.201569,
            44.8414688,
            3.97674394,
            345.903839,
            51.8217926,
            1.48720634,
            344.644073,
            59.0817146,
            3.71709585,
            345.605621,
            64.1512909,
            9.13408661,
            350.117096,
            58.0828285,
            11.8515491,
            347.875549,
            51.0147972,
            13.0120039,
            346.954987,
            44.4247971,
            11.4842949,
            347.603668,
            27.201519,
            28.9750061,
            313.603424,
            13.5558939,
            27.3662872,
            305.981079,
            3.39097595,
            28.1287594,
            330.88681,
            1.34607899,
            46.0236282,
            328.529572,
            6.59080601,
            36.3772316,
            310.579651,
            22.4914474,
            43.6293259,
            306.254761,
            37.1842194,
            41.2925415,
            326.442352,
            30.2286434,
            51.2382011,
            322.781128,
